iter	Huber:delta=3000
0	0.5296169566
1	0.4457782211
2	0.3762494706
3	0.3168434884
4	0.2702070895
5	0.2298319331
6	0.195780693
7	0.1673924019
8	0.1449073325
9	0.1259691394
10	0.1105008194
11	0.09714260237
12	0.08584682445
13	0.07682814211
14	0.06893996745
15	0.0625396919
16	0.05690006474
17	0.05213461987
18	0.04801998803
19	0.04447246469
20	0.04137391588
21	0.03870915488
22	0.03630325703
23	0.03440133265
24	0.03261726594
25	0.03104844179
26	0.02963198063
27	0.02840268999
28	0.02737303952
29	0.02637128682
30	0.02548825539
31	0.02464596101
32	0.02390120416
33	0.0232311142
34	0.02263978793
35	0.02198425945
36	0.02138578135
37	0.02086854656
38	0.02046303803
39	0.02003637386
40	0.01966107109
41	0.01928698453
42	0.01889964607
43	0.01855458723
44	0.01824894125
45	0.01793509193
46	0.01761920389
47	0.01735875504
48	0.01709881132
49	0.01682864778
50	0.01660974735
51	0.01636248246
52	0.01615917864
53	0.01595415603
54	0.01571362857
55	0.01554189883
56	0.01538744691
57	0.01522387246
58	0.01509161052
59	0.01492883266
60	0.01471261713
61	0.01454755184
62	0.01445561386
63	0.01427507529
64	0.01406637665
65	0.01391797816
66	0.01379507013
67	0.01366037288
68	0.01346514417
69	0.0133420539
70	0.01313850889
71	0.01303748571
72	0.01285785954
73	0.01278682713
74	0.01265522827
75	0.01250676831
76	0.01244526929
77	0.01235513908
78	0.01228697691
79	0.0121862111
80	0.01205136043
81	0.01190365183
82	0.01181120188
83	0.01172338926
84	0.01164390145
85	0.01146740296
86	0.01136958728
87	0.01130302469
88	0.01114398167
89	0.01102027867
90	0.01097953359
91	0.01085872708
92	0.01077822273
93	0.01068768087
94	0.01059097511
95	0.01051440781
96	0.01043292548
97	0.0103644144
98	0.01032767212
99	0.01021074766
100	0.01017603151
101	0.01008410721
102	0.009998020702
103	0.009903933824
104	0.009843168281
105	0.009730759047
106	0.009643219925
107	0.009602069861
108	0.009553881909
109	0.009477900361
110	0.00939908997
111	0.009313467708
112	0.009256181008
113	0.009135414049
114	0.009073516515
115	0.008986920306
116	0.008947895197
117	0.008883808285
118	0.008806219267
119	0.008750137982
120	0.008644182139
121	0.008567058157
122	0.008540647172
123	0.008481241511
124	0.008431263107
125	0.008347823082
126	0.008288431755
127	0.008259626128
128	0.008205359402
129	0.008128552353
130	0.008094599499
131	0.00802338519
132	0.007997656051
133	0.00794482041
134	0.007892059736
135	0.007816461449
136	0.007730406447
137	0.007667129619
138	0.007647678311
139	0.007573268257
140	0.0075004251
141	0.007449208867
142	0.007394538879
143	0.00736097045
144	0.007294487494
145	0.007228430506
146	0.007186366957
147	0.007129566201
148	0.007066731817
149	0.00703181565
150	0.006986130222
151	0.006937300575
152	0.006870894818
153	0.006826892702
154	0.006756054115
155	0.006720397939
156	0.006690107287
157	0.006639713341
158	0.006597584257
159	0.006568683042
160	0.006527484654
161	0.006484790806
162	0.006434427477
163	0.006385194397
164	0.006337278769
165	0.006310201219
166	0.006267566617
167	0.006226136403
168	0.006178752101
169	0.006154029093
170	0.006116095338
171	0.006082144618
172	0.006077359649
173	0.006028630957
174	0.005979742631
175	0.005975278989
176	0.005934500091
177	0.005906494075
178	0.005902412913
179	0.005867584483
180	0.005844154828
181	0.005803003722
182	0.005770251972
183	0.005716717962
184	0.005682665399
185	0.005642755641
186	0.005602807434
187	0.005553968694
188	0.005527430812
189	0.005523761118
190	0.00546682683
191	0.005436931396
192	0.005394575978
193	0.005339728229
194	0.005309995574
195	0.005307425639
196	0.005269892373
197	0.005235593317
198	0.00520671386
199	0.005204330093
200	0.005171677581
201	0.005137710479
202	0.005100881624
203	0.005065656457
204	0.005033242751
205	0.0050106769
206	0.004986976173
207	0.004963121033
208	0.004937935274
209	0.004918453224
210	0.004916432815
211	0.004899877185
212	0.004892998112
213	0.004847160229
214	0.004827014886
215	0.004811288016
216	0.004779805639
217	0.004757314794
218	0.004739855545
219	0.004725112222
220	0.00469565723
221	0.004670834778
222	0.004639886472
223	0.004603039028
224	0.004573959128
225	0.004569732102
226	0.004545017824
227	0.004533268708
228	0.004504228659
229	0.004500339608
230	0.00447834408
231	0.0044600508
232	0.004440063373
233	0.00442827434
234	0.004409998072
235	0.00437540977
236	0.004347243774
237	0.004343936093
238	0.004326038862
239	0.004322925316
240	0.004296036324
241	0.004268874562
242	0.004244193041
243	0.004218975037
244	0.004216135924
245	0.004203941502
246	0.004184150958
247	0.004164772719
248	0.00414561612
249	0.004136581481
250	0.004133974838
251	0.004121213036
252	0.004103388081
253	0.004080799457
254	0.004057648433
255	0.00404354103
256	0.004026706057
257	0.004024299331
258	0.004006939339
259	0.004004658682
260	0.003982202352
261	0.003965094375
262	0.003945556053
263	0.003935940151
264	0.003922087088
265	0.003893886441
266	0.003885494999
267	0.003866723351
268	0.003847314405
269	0.003821337861
270	0.003797906475
271	0.003777453875
272	0.003756786392
273	0.003740629077
274	0.003721087373
275	0.003694755043
276	0.003675139685
277	0.003660389915
278	0.00363763891
279	0.003611866112
280	0.003592842173
281	0.003591518497
282	0.003568563717
283	0.003567286267
284	0.003557844949
285	0.003556623476
286	0.00355544439
287	0.003554304835
288	0.003544221947
289	0.003527481813
290	0.003507706337
291	0.003493712817
292	0.003486044686
293	0.003463102139
294	0.003461005454
295	0.003444708051
296	0.003427437429
297	0.003405806333
298	0.003396820886
299	0.003394912644
300	0.003378311885
301	0.00337729568
302	0.003370868031
303	0.00336076985
304	0.003351375434
305	0.003323093265
306	0.003322151616
307	0.003310763708
308	0.003297155123
309	0.003276625281
310	0.003271648475
311	0.003262317795
312	0.003242771297
313	0.003227936925
314	0.003207861839
315	0.003187529804
316	0.003176146394
317	0.003159735304
318	0.003144433938
319	0.003132655111
320	0.003124466273
321	0.003106365875
322	0.003104739736
323	0.0030945423
324	0.003089042075
325	0.003078064723
326	0.003077120573
327	0.003070748396
328	0.003056574
329	0.003045910866
330	0.003040065855
331	0.003022523115
332	0.003010127874
333	0.003004501681
334	0.002988809878
335	0.002976485212
336	0.002975545123
337	0.002959471524
338	0.002944760464
339	0.002935733147
340	0.002934841549
341	0.002923589455
342	0.002911336144
343	0.002909886447
344	0.002908857384
345	0.002889697442
346	0.00287829673
347	0.002863149579
348	0.002845867265
349	0.002839598779
350	0.002834469509
351	0.002825372779
352	0.002810241204
353	0.002799875678
354	0.002784739701
355	0.002769958182
356	0.002769149092
357	0.002757267928
358	0.002747337994
359	0.002728487403
360	0.00272772091
361	0.002726988004
362	0.002714391063
363	0.002713907697
364	0.00270793393
365	0.002693164382
366	0.002692700188
367	0.002687709972
368	0.002675911064
369	0.002666422603
370	0.002651348654
371	0.002650907367
372	0.002650480215
373	0.002640171232
374	0.002639758681
375	0.002625971916
376	0.002624198859
377	0.002622524628
378	0.002603590909
379	0.002586870516
380	0.00257965131
381	0.002575965608
382	0.002572518109
383	0.002559578742
384	0.002553949008
385	0.002553148479
386	0.00254985573
387	0.002545135387
388	0.002536555109
389	0.002535801267
390	0.002535078173
391	0.002528662631
392	0.002517607087
393	0.002516909991
394	0.002516238855
395	0.002515591491
396	0.002502222997
397	0.002501595808
398	0.002500989137
399	0.002500401503
400	0.002499831609
401	0.002491436835
402	0.002478153482
403	0.002477599752
404	0.002477061955
405	0.002461231507
406	0.002446544877
407	0.002437166421
408	0.002424085852
409	0.002423561385
410	0.002423051415
411	0.002417942293
412	0.002410866109
413	0.002407633371
414	0.002403654509
415	0.002392356022
416	0.002378975575
417	0.002371067977
418	0.002359249713
419	0.002346480835
420	0.002335594344
421	0.002329987673
422	0.002320271525
423	0.002308654504
424	0.002297998346
425	0.002286181661
426	0.002276421971
427	0.002266357878
428	0.002257456017
429	0.002246788139
430	0.002244200571
431	0.002234177123
432	0.002226339525
433	0.002217965247
434	0.002207841023
435	0.00220437385
436	0.002198001478
437	0.00219309403
438	0.002183862654
439	0.002180053747
440	0.002176624477
441	0.002171017408
442	0.002165572383
443	0.002159519876
444	0.002150315196
445	0.002143941996
446	0.002134561708
447	0.002125905602
448	0.002119929465
449	0.002114129237
450	0.0021138249
451	0.002111214365
452	0.002107641442
453	0.00210442871
454	0.002096564437
455	0.002092864365
456	0.002090669016
457	0.002088548275
458	0.002081633563
459	0.002072049084
460	0.002062355808
461	0.002056951826
462	0.002051735547
463	0.002048443912
464	0.002040725833
465	0.002032612526
466	0.00202449393
467	0.002016581313
468	0.002008725285
469	0.002006315245
470	0.002000920935
471	0.001999751927
472	0.001990713199
473	0.00198470902
474	0.001979124586
475	0.001978039409
476	0.001977696285
477	0.001977366563
478	0.001975120575
479	0.001971811913
480	0.001961570203
481	0.001956172888
482	0.001948511653
483	0.001947963285
484	0.001947091386
485	0.001935423536
486	0.001929622726
487	0.001922851637
488	0.001921944083
489	0.001914600141
490	0.00190680841
491	0.001896826753
492	0.00189597744
493	0.001888802203
494	0.001879541735
495	0.001872776675
496	0.001872148071
497	0.001869038274
498	0.001861361393
499	0.00185908468
